año,mes,tavg_mean,tmin_mean,tmax_mean,prcp_sum,wspd_mean,pres_mean,dias_lluvia,dias_registro,fecha,prcp_3m,spi_3
1990,3,27.920137781469677,22.70617401319726,33.455343775039246,14.0,6.063763292475038,1010.9570570570572,2,31,1990-03-01,24.9,-1.294772525160032
1990,4,28.326813269621287,22.55455125470972,32.58621248197049,44.0,5.988205759101919,1010.745,3,30,1990-04-01,58.0,-1.0421507745830594
1990,5,28.054806918631805,22.459292780951767,32.69631491143463,41.3,7.040860215053763,1011.62688172043,8,31,1990-05-01,99.3,-0.5885651204480963
1990,6,29.01784325872451,22.81705110943456,34.49058447927592,0.0,8.018666666666666,1012.2233333333334,0,30,1990-06-01,85.3,-0.1754174614298054
1990,7,28.509032258064515,22.30483870967742,34.14903225806452,10.7,11.233548387096777,1012.4174193548388,5,31,1990-07-01,52.0,-0.19122175240888475
1990,8,29.83225806451613,23.47258064516129,35.685483870967744,11.1,10.692959770114944,1011.8156989247312,4,31,1990-08-01,21.799999999999997,-0.33233862245855467
1990,9,30.117272727272727,23.203030303030303,36.148371824199465,1.8,9.334751619755142,1011.0869500372856,3,30,1990-09-01,23.599999999999998,-0.28797936173498234
1990,10,28.07790757269302,21.891471517688714,33.53950326765928,10.6,7.007096774193548,1010.9167741935483,3,31,1990-10-01,23.5,-1.2770540457714112
1990,11,27.227895379235814,22.002971644201505,31.8726448459441,31.1,6.208666666666667,1010.9373333333334,5,30,1990-11-01,43.5,-1.2253439606587708
1990,12,27.06705206576843,21.98325641526661,31.63677227851543,49.3,6.147096774193548,1010.5896774193548,4,31,1990-12-01,91.0,-0.8306390470053425
1991,1,28.241935483870968,22.451612903225808,33.19462365591398,7.1,6.186486486486486,1010.9416216216216,5,31,1991-01-01,87.49999999999999,-0.655008865742407
1991,2,28.541071428571428,22.1375,32.964337993946906,107.2,6.405029585798816,1010.685798816568,7,28,1991-02-01,163.6,0.07810556722400919
1991,3,28.24357135067505,22.701064844493448,33.95066635568441,56.2,6.063763292475038,1010.9570570570572,5,31,1991-03-01,170.5,0.006320118329153167
1991,4,27.712333333333333,22.612,32.6628768209941,0.0,5.988205759101919,1010.745,0,30,1991-04-01,163.4,-0.22494501588384253
1991,5,28.061827956989244,22.563440860215056,33.72974033979865,43.5,7.040860215053763,1011.62688172043,5,31,1991-05-01,99.7,-0.5853980681653849
1991,6,29.182170222155374,23.65453879608673,33.76126104183661,0.5,8.018666666666666,1012.2233333333334,1,30,1991-06-01,44.0,-0.6204303053715079
1991,7,28.70345506111258,22.49558737815295,34.51031530286875,6.0,11.233548387096777,1012.4174193548388,4,31,1991-07-01,50.0,-0.21989547844204474
1991,8,28.809380009857357,22.585022807159547,34.17600098226702,1.0,10.692959770114944,1011.8156989247312,1,31,1991-08-01,7.5,-0.9889690726354923
1991,9,29.241666666666667,23.331666666666667,35.20130629713394,34.9,9.334751619755142,1011.0869500372856,4,30,1991-09-01,41.9,0.22332671381708605
1991,10,29.378225806451614,22.775,33.94195805568556,25.200000000000003,7.007096774193548,1010.9167741935483,4,31,1991-10-01,61.1,-0.582637708771413
1991,11,27.398409078472515,23.16250830938116,31.082962563231675,2.0,6.208666666666667,1010.9373333333334,1,30,1991-11-01,62.1,-1.0290883188084778
1991,12,28.02507050636973,22.59287712247713,32.42243166422432,0.3,6.147096774193548,1010.5896774193548,1,31,1991-12-01,27.500000000000004,-1.2673824141643553
1992,1,28.250514184460528,22.49119055361982,33.344124915739656,0.0,6.186486486486486,1010.9416216216216,0,31,1992-01-01,2.3,-1.856441058178988
1992,2,28.462637074073147,22.66865973992025,33.68739858192333,0.0,6.405029585798816,1010.685798816568,0,29,1992-02-01,0.3,-1.8957039687193848
1992,3,27.954045204259987,22.6485657348525,33.25677617103611,0.0,6.063763292475038,1010.9570570570572,0,31,1992-03-01,0.0,-1.6067550689692431
1992,4,27.91053237765258,22.61826882064582,33.07970537040904,0.0,5.988205759101919,1010.745,0,30,1992-04-01,0.0,-1.6067550689692431
1992,5,28.82380192771897,23.393926580332117,33.18020078201597,0.0,7.040860215053763,1011.62688172043,0,31,1992-05-01,0.0,-1.6067550689692431
1992,6,28.395359512931496,23.061043074132854,33.58614695414444,0.5,8.018666666666666,1012.2233333333334,1,30,1992-06-01,0.5,-1.856648608352002
1992,7,28.71185986367863,22.71914045161159,34.19503299444866,0.0,11.233548387096777,1012.4174193548388,0,31,1992-07-01,0.5,-1.3666511038227511
1992,8,30.52065145407724,23.778943873832898,35.713002278961206,2.0,10.692959770114944,1011.8156989247312,1,31,1992-08-01,2.5,-1.3655855457360988
1992,9,29.436039844818207,23.77600830088617,35.43858852438202,3.0,9.334751619755142,1011.0869500372856,2,30,1992-09-01,5.0,-1.1794877473777898
1992,10,29.41670981148309,22.95433657141064,34.34428028085131,83.1,7.007096774193548,1010.9167741935483,4,31,1992-10-01,88.1,-0.18963579227795335
1992,11,27.793333333333333,22.6,32.05388888888889,63.99999999999999,6.208666666666667,1010.9373333333334,7,30,1992-11-01,150.1,-0.29491868754401335
1992,12,27.20967741935484,21.820967741935487,31.444955373385888,115.6,6.147096774193548,1010.5896774193548,6,31,1992-12-01,262.7,0.06065834869768785
1993,1,27.814019851116623,22.0136476426799,33.059677419354834,29.8,6.186486486486486,1010.9416216216216,7,31,1993-01-01,209.4,0.05349590008629305
1993,2,27.80184453245812,22.178057371139605,32.61961388054952,107.7,6.405029585798816,1010.685798816568,3,28,1993-02-01,253.1,0.48558066853308124
1993,3,26.5,21.38064516129032,31.62741935483871,113.0,6.063763292475038,1010.9570570570572,11,31,1993-03-01,250.5,0.4312859012385142
1993,4,27.61833333333333,22.148333333333333,32.906666666666666,67.1,5.988205759101919,1010.745,8,30,1993-04-01,287.79999999999995,0.408461290195408
1993,5,27.47258064516129,22.6,32.80806451612903,51.4,7.040860215053763,1011.62688172043,11,31,1993-05-01,231.5,0.21241696042537322
1993,6,29.026749346734505,22.281373812921743,33.88976864584547,3.3,8.018666666666666,1012.2233333333334,2,30,1993-06-01,121.8,0.10663537311710816
1993,7,28.43071762121621,22.00937918348929,33.587746192832086,63.8,11.233548387096777,1012.4174193548388,6,31,1993-07-01,118.5,0.5294560565443429
1993,8,29.69441687344913,22.88349875930521,34.876783179978055,0.0,10.692959770114944,1011.8156989247312,0,31,1993-08-01,67.1,0.7417395040959245
1993,9,29.964127860321405,22.98501791758584,36.09570527484348,0.8,9.334751619755142,1011.0869500372856,2,30,1993-09-01,64.6,0.6893628135625436
1993,10,28.023873113730083,22.48252398494835,34.04102138920532,84.1,7.007096774193548,1010.9167741935483,5,31,1993-10-01,84.89999999999999,-0.2324622432256877
1993,11,26.035797975652454,21.91394216373311,32.48828028051925,63.0,6.208666666666667,1010.9373333333334,5,30,1993-11-01,147.89999999999998,-0.3100761496489423
1993,12,27.08614153454869,22.10083473944596,31.957824166924595,139.7,6.147096774193548,1010.5896774193548,7,31,1993-12-01,286.79999999999995,0.15768526405374925
1994,1,27.07763498058022,21.902757328937344,32.704794319503726,26.4,6.186486486486486,1010.9416216216216,6,31,1994-01-01,229.1,0.13921373745773605
1994,2,26.830007294817623,21.80001037858781,32.35994605943981,42.1,6.405029585798816,1010.685798816568,5,28,1994-02-01,208.19999999999996,0.295589544139933
1994,3,26.92096774193548,22.330645161290324,31.86311910159587,181.7,6.063763292475038,1010.9570570570572,11,31,1994-03-01,250.19999999999996,0.42986254635983
1994,4,27.696666666666665,22.69333333333333,32.47475813580505,145.9,5.988205759101919,1010.745,8,30,1994-04-01,369.69999999999993,0.736385266003204
1994,5,27.567741935483877,22.216129032258067,33.53631602218079,38.6,7.040860215053763,1011.62688172043,8,31,1994-05-01,366.19999999999993,0.771401708188812
1994,6,27.782754962695588,22.318525554717283,34.3502785417395,1.8,8.018666666666666,1012.2233333333334,3,30,1994-06-01,186.29999999999998,0.4906933659659519
1994,7,28.174360344595232,21.903298654494368,34.67521146847711,1.5,11.233548387096777,1012.4174193548388,3,31,1994-07-01,41.89999999999997,-0.3433311592257716
1994,8,28.76337350322829,22.449852353203944,34.85907649348437,2.0,10.692959770114944,1011.8156989247312,1,31,1994-08-01,5.299999999999971,-1.1381515130191076
1994,9,29.115,22.596666666666668,35.15280778029071,12.4,9.334751619755142,1011.0869500372856,3,30,1994-09-01,15.899999999999972,-0.5787412453076888
1994,10,26.991935483870968,21.482258064516127,32.54965662493733,206.2,7.007096774193548,1010.9167741935483,6,31,1994-10-01,220.59999999999997,1.1095142439089274
1994,11,26.82,22.03,31.62833333333333,117.7,6.208666666666667,1010.9373333333334,9,30,1994-11-01,336.29999999999995,0.6899653785489015
1994,12,27.57811059907834,22.867511520737327,32.64147465437788,41.4,6.147096774193548,1010.5896774193548,3,31,1994-12-01,365.3,0.4446770142704022
1995,1,28.929953917050693,22.658294930875577,34.684331797235025,3.3,6.186486486486486,1010.9416216216216,2,31,1995-01-01,162.39999999999998,-0.17499877351835272
1995,2,28.763392857142858,22.467857142857145,34.964732142857144,55.0,6.405029585798816,1010.685798816568,4,28,1995-02-01,99.69999999999996,-0.3170029008314369
1995,3,28.01584454248516,22.173202030303543,33.931965176568326,43.8,6.063763292475038,1010.9570570570572,6,31,1995-03-01,102.09999999999997,-0.4686123249578382
1995,4,27.341404317020345,22.57576917608611,33.12193125309544,41.9,5.988205759101919,1010.745,8,30,1995-04-01,140.69999999999996,-0.369458256391381
1995,5,27.59032258064516,22.70967741935484,32.44408602150538,13.0,7.040860215053763,1011.62688172043,6,31,1995-05-01,98.69999999999996,-0.593328653165404
1995,6,28.243333333333336,22.22083333333333,33.827777777777776,8.7,8.018666666666666,1012.2233333333334,3,30,1995-06-01,63.599999999999966,-0.38443773012660865
1995,7,29.032258064516128,22.731451612903225,34.56354945143383,5.8,11.233548387096777,1012.4174193548388,4,31,1995-07-01,27.49999999999997,-0.6010480088844987
1995,8,29.459742380664903,22.515495215968738,34.666471000392576,2.0,10.692959770114944,1011.8156989247312,1,31,1995-08-01,16.49999999999997,-0.5341562916833266
1995,9,29.918496427451263,24.028464883519224,35.82538927014863,2.0,9.334751619755142,1011.0869500372856,1,30,1995-09-01,9.799999999999972,-0.8737914515182231
1995,10,28.770810012357487,22.533309748770915,34.682137859620795,85.1,7.007096774193548,1010.9167741935483,5,31,1995-10-01,89.09999999999997,-0.17643209029420054
1995,11,26.723202007765444,22.26632144069429,31.5493944264356,67.30000000000001,6.208666666666667,1010.9373333333334,5,30,1995-11-01,154.39999999999998,-0.26564964376947586
1995,12,27.221685976957023,21.845015090523862,31.96527954031048,97.0,6.147096774193548,1010.5896774193548,3,31,1995-12-01,249.39999999999998,0.00495802846705763
1996,1,27.063150227148498,21.367918589287275,33.67220559351785,84.8,6.186486486486486,1010.9416216216216,6,31,1996-01-01,249.09999999999997,0.22144165857886805
1996,2,27.548208313529287,20.32197062244585,32.79027585333868,18.3,6.405029585798816,1010.685798816568,2,29,1996-02-01,200.09999999999997,0.25854118247801383
1996,3,27.22209677419355,21.763709677419357,32.233605067243126,26.1,6.063763292475038,1010.9570570570572,3,31,1996-03-01,129.19999999999996,-0.2628580374542307
1996,4,28.15583333333333,22.459166666666665,33.31773211889631,9.4,5.988205759101919,1010.745,2,30,1996-04-01,53.799999999999976,-1.0848801086699797
1996,5,27.751612903225805,22.432258064516127,34.157784011220194,39.4,7.040860215053763,1011.62688172043,6,31,1996-05-01,74.89999999999998,-0.7962208832155312
1996,6,27.806666666666665,21.782666666666668,33.601834035508176,53.5,8.018666666666666,1012.2233333333334,5,30,1996-06-01,102.29999999999998,-0.035665969778416844
1996,7,27.73709677419355,22.25709677419355,33.718709677419355,1.6,11.233548387096777,1012.4174193548388,3,31,1996-07-01,94.49999999999997,0.3073658971037797
1996,8,29.43064516129032,22.09193548387097,34.93863909138435,0.6,10.692959770114944,1011.8156989247312,2,31,1996-08-01,55.699999999999974,0.5309853670677009
1996,9,29.796899007376428,23.227605457632627,35.06894260096903,7.1,9.334751619755142,1011.0869500372856,2,30,1996-09-01,9.299999999999972,-0.901849289215459
1996,10,27.39603013433963,21.878214984533024,33.589979205582495,98.1,7.007096774193548,1010.9167741935483,6,31,1996-10-01,105.79999999999997,0.032614433334780465
1996,11,27.453333333333333,22.46833333333333,31.51640200219317,10.4,6.208666666666667,1010.9373333333334,4,30,1996-11-01,115.59999999999998,-0.5485952649432532
1996,12,27.416129032258063,21.401612903225807,33.3545905707196,26.1,6.147096774193548,1010.5896774193548,5,31,1996-12-01,134.59999999999997,-0.5608951817668987
1997,1,27.061290322580643,21.779032258064515,31.795454390876124,113.3,6.186486486486486,1010.9416216216216,7,31,1997-01-01,149.79999999999995,-0.24355256033192588
1997,2,27.602678571428573,22.11875,33.50681568083796,30.6,6.405029585798816,1010.685798816568,7,28,1997-02-01,169.99999999999997,0.11153729460246195
1997,3,28.568548387096776,22.96532258064516,34.65744408163181,86.4,6.063763292475038,1010.9570570570572,6,31,1997-03-01,230.29999999999998,0.33298553071390524
1997,4,28.298333333333336,22.67,34.026666666666664,32.0,5.988205759101919,1010.745,6,30,1997-04-01,149.0,-0.3151603111036251
1997,5,28.029506310381887,22.469660830720738,33.62509423186721,1.0,7.040860215053763,1011.62688172043,1,31,1997-05-01,119.39999999999999,-0.4373024639998269
1997,6,27.53666666666667,22.258333333333333,32.6624551043002,9.1,8.018666666666666,1012.2233333333334,3,30,1997-06-01,42.09999999999999,-0.6468906225907541
1997,7,28.36415770609319,22.11362007168459,33.97795911792142,0.8,11.233548387096777,1012.4174193548388,2,31,1997-07-01,10.899999999999986,-1.004088402606439
1997,8,30.570812408409136,23.86379826392405,35.65827053617159,0.0,10.692959770114944,1011.8156989247312,0,31,1997-08-01,9.899999999999986,-0.8477019897311193
1997,9,30.27833333333333,23.73333333333333,36.56861111111111,8.1,9.334751619755142,1011.0869500372856,3,30,1997-09-01,8.899999999999986,-0.9248335535376063
1997,10,30.329901102081564,23.88681713507066,35.609306473296854,3.0,7.007096774193548,1010.9167741935483,1,31,1997-10-01,11.099999999999985,-1.5032176885150013
1997,11,28.44314642319121,23.103588303997803,33.788822636160084,5.1,6.208666666666667,1010.9373333333334,1,30,1997-11-01,16.199999999999985,-1.5077612904719633
1997,12,29.159940628818283,23.474532075090654,33.56157144917056,0.5,6.147096774193548,1010.5896774193548,1,31,1997-12-01,8.599999999999985,-1.3646891825849226
1998,1,30.46741935483871,23.831935483870968,34.69834048004751,11.9,6.186486486486486,1010.9416216216216,1,31,1998-01-01,17.499999999999986,-1.4882254243574655
1998,2,30.656259791005223,24.13347569570859,34.04495653511,1.0,6.405029585798816,1010.685798816568,1,28,1998-02-01,13.399999999999986,-1.3852791304720349
1998,3,28.498387096774195,23.796774193548387,34.415787479001644,14.2,6.063763292475038,1010.9570570570572,3,31,1998-03-01,27.099999999999987,-1.2639922188707642
1998,4,27.826206851342917,22.95009344080654,32.32153927386765,38.1,5.988205759101919,1010.745,2,30,1998-04-01,53.29999999999999,-1.0900321837808862
1998,5,28.493453013959925,23.338093396618746,33.556917460375324,2.0,7.040860215053763,1011.62688172043,1,31,1998-05-01,54.29999999999999,-0.998475366242365
1998,6,28.53873786867849,22.60594720713893,34.416368147778456,5.0,8.018666666666666,1012.2233333333334,3,30,1998-06-01,45.099999999999994,-0.6054652501827783
1998,7,28.353115227279545,22.41818980891096,33.920177255378384,4.5,11.233548387096777,1012.4174193548388,4,31,1998-07-01,11.499999999999986,-0.986336760727816
1998,8,29.105591397849462,22.98172043010753,35.234475533890055,0.0,10.692959770114944,1011.8156989247312,0,31,1998-08-01,9.499999999999986,-0.8699553017480632
1998,9,29.54222222222222,22.550555555555555,35.46142857142857,1.6,9.334751619755142,1011.0869500372856,3,30,1998-09-01,6.099999999999985,-1.1012892284131741
1998,10,29.18479262672811,22.89032258064516,34.933280598270514,72.6,7.007096774193548,1010.9167741935483,6,31,1998-10-01,74.19999999999997,-0.382510437350067
1998,11,26.61738095238095,22.196666666666665,31.683619047619047,123.0,6.208666666666667,1010.9373333333334,7,30,1998-11-01,197.2,0.003141623257513426
1998,12,26.71702508960573,22.205913978494625,31.18057347670251,71.9,6.147096774193548,1010.5896774193548,9,31,1998-12-01,267.5,0.08037207235692391
1999,1,27.110500457563244,22.31423195334257,31.03583198652924,0.0,6.186486486486486,1010.9416216216216,0,31,1999-01-01,194.89999999999998,-0.013036461625815185
1999,2,27.49322407671951,21.75811855285145,32.343133029459764,68.1,6.405029585798816,1010.685798816568,2,28,1999-02-01,140.0,-0.05325617430802437
1999,3,27.456451612903223,22.14462365591398,31.862691704442025,41.6,6.063763292475038,1010.9570570570572,5,31,1999-03-01,109.69999999999999,-0.40800902255653104
1999,4,27.114124221452265,22.141484947039583,32.385768456803014,0.5,5.988205759101919,1010.745,1,30,1999-04-01,110.19999999999999,-0.5860893173055141
1999,5,27.299082279727443,22.286556991395702,32.88850082594873,4.9,7.040860215053763,1011.62688172043,2,31,1999-05-01,46.999999999999986,-1.0773979611744784
1999,6,27.616666666666667,21.9,32.69520395835761,0.6,8.018666666666666,1012.2233333333334,2,30,1999-06-01,5.999999999999986,-1.4898748443088405
1999,7,28.490322580645163,22.32903225806452,34.04516129032258,0.0,11.233548387096777,1012.4174193548388,0,31,1999-07-01,5.499999999999986,-1.1797170350118207
1999,8,29.17258064516129,22.746774193548383,35.68859530950119,0.6,10.692959770114944,1011.8156989247312,2,31,1999-08-01,1.1999999999999857,-1.4872621483630841
1999,9,27.80277777777778,22.258888888888887,33.500138888888884,1.8,9.334751619755142,1011.0869500372856,3,30,1999-09-01,2.3999999999999857,-1.3891350004204552
1999,10,27.095698924731185,21.333333333333336,32.343951612903226,170.4,7.007096774193548,1010.9167741935483,10,31,1999-10-01,172.79999999999998,0.7166382514477125
1999,11,26.65041666666667,22.379166666666663,30.975,20.8,6.208666666666667,1010.9373333333334,6,30,1999-11-01,193.0,-0.021619917868765166
1999,12,27.17217741935484,22.271774193548385,31.090322580645164,179.5,6.147096774193548,1010.5896774193548,8,31,1999-12-01,370.7,0.4630329789422694
2000,1,27.496236559139785,22.266129032258064,32.35806451612903,42.8,6.186486486486486,1010.9416216216216,4,31,2000-01-01,243.09999999999997,0.1972400431373889
2000,2,26.360919540229887,21.26206896551724,32.68062422030432,183.4,6.405029585798816,1010.685798816568,8,29,2000-02-01,405.7,1.0035289188462742
2000,3,26.58010752688172,21.61720430107527,31.64322580645161,213.6,6.063763292475038,1010.9570570570572,12,31,2000-03-01,439.79999999999995,1.1775995032459905
2000,4,26.538888888888888,21.685555555555556,31.53533333333333,55.9,5.988205759101919,1010.745,10,30,2000-04-01,452.9,1.0263895234212663
2000,5,27.17258064516129,22.34354838709677,32.42106591420363,42.9,7.040860215053763,1011.62688172043,17,31,2000-05-01,312.4,0.5665250785584529
2000,6,27.981333333333332,22.21333333333333,34.02676864584547,18.3,8.018666666666666,1012.2233333333334,8,30,2000-06-01,117.1,0.07381111121233368
2000,7,28.787419354838708,22.348387096774196,34.675646225627375,4.0,11.233548387096777,1012.4174193548388,3,31,2000-07-01,65.2,-0.01641444078952943
2000,8,29.14032258064516,22.404838709677417,35.44516129032258,17.0,10.692959770114944,1011.8156989247312,8,31,2000-08-01,39.3,0.17391320520729134
2000,9,28.15833333333333,22.10666666666667,34.223333333333336,94.2,9.334751619755142,1011.0869500372856,10,30,2000-09-01,115.2,1.4455894093235437
2000,10,28.29086021505376,22.79032258064516,33.46397849462366,48.6,7.007096774193548,1010.9167741935483,7,31,2000-10-01,159.8,0.5985149423929199
2000,11,27.22377777777778,22.99833333333333,31.904888888888888,95.6,6.208666666666667,1010.9373333333334,8,30,2000-11-01,238.4,0.23091207804715855
2000,12,27.107096774193547,22.10967741935484,32.44741935483871,61.1,6.147096774193548,1010.5896774193548,8,31,2000-12-01,205.29999999999998,-0.1924091326853656
2001,1,28.020967741935483,21.67419354838709,33.593548387096774,8.399999999999999,6.186486486486486,1010.9416216216216,5,31,2001-01-01,165.1,-0.1607696462526697
2001,2,29.43035714285714,22.294642857142858,34.93035714285714,11.9,6.405029585798816,1010.685798816568,4,28,2001-02-01,81.4,-0.46110129361311053
2001,3,27.856451612903225,22.098387096774196,33.358064516129026,129.6,6.063763292475038,1010.9570570570572,15,31,2001-03-01,149.9,-0.122337634640016
2001,4,28.60666666666667,22.641666666666666,34.190000000000005,41.9,5.988205759101919,1010.745,7,30,2001-04-01,183.4,-0.10706074642192566
2001,5,28.38064516129032,22.488709677419354,33.45967741935484,74.6,7.040860215053763,1011.62688172043,17,31,2001-05-01,246.1,0.2814126225512527
2001,6,28.53,22.683333333333334,33.47,61.4,8.018666666666666,1012.2233333333334,10,30,2001-06-01,177.9,0.44620630524041444
2001,7,28.88387096774193,22.34032258064516,35.15483870967742,38.6,11.233548387096777,1012.4174193548388,13,31,2001-07-01,174.6,0.9588985181749281
2001,8,29.99516129032258,24.1,35.70645161290323,3.2,10.692959770114944,1011.8156989247312,4,31,2001-08-01,103.2,1.2906222704920607
2001,9,29.27833333333333,22.48333333333333,35.913333333333334,37.3,9.334751619755142,1011.0869500372856,9,30,2001-09-01,79.1,0.9350576922169697
2001,10,30.096774193548388,23.991935483870968,35.71774193548387,58.9,7.007096774193548,1010.9167741935483,6,31,2001-10-01,99.4,-0.04507769336536198
2001,11,27.721666666666668,22.65666666666667,33.28333333333333,162.6,6.208666666666667,1010.9373333333334,14,30,2001-11-01,258.8,0.33492538558159013
2001,12,27.84032258064516,22.88225806451613,32.811290322580646,91.7,6.147096774193548,1010.5896774193548,12,31,2001-12-01,313.2,0.258776574162271
2002,1,29.09193548387097,22.87258064516129,34.096774193548384,29.5,6.186486486486486,1010.9416216216216,7,31,2002-01-01,283.8,0.35446204441073426
2002,2,28.744642857142857,22.4,34.346428571428575,122.2,6.405029585798816,1010.685798816568,8,28,2002-02-01,243.4,0.4465105151076409
2002,3,28.83870967741936,23.003225806451614,34.64354838709678,194.5,6.063763292475038,1010.9570570570572,11,31,2002-03-01,346.2,0.8404755398515797
2002,4,27.595,22.45,32.52333333333333,125.0,5.988205759101919,1010.745,10,30,2002-04-01,441.7,0.9893711692833145
2002,5,27.89677419354839,22.71935483870968,33.020967741935486,137.9,7.040860215053763,1011.62688172043,15,31,2002-05-01,457.4,1.0799830348709598
2002,6,27.49,21.971666666666668,33.309999999999995,35.0,8.018666666666666,1012.2233333333334,8,30,2002-06-01,297.9,0.9879196466192823
2002,7,28.651612903225807,22.453225806451613,34.30483870967742,40.5,11.233548387096777,1012.4174193548388,8,31,2002-07-01,213.4,1.208521464630291
2002,8,29.65483870967742,23.361290322580647,35.44193548387097,4.4,10.692959770114944,1011.8156989247312,4,31,2002-08-01,79.9,0.9534055137499318
2002,9,30.186666666666667,22.90333333333333,35.733333333333334,18.2,9.334751619755142,1011.0869500372856,6,30,2002-09-01,63.1,0.6620678136064025
2002,10,29.76451612903226,23.12903225806452,35.61290322580645,69.7,7.007096774193548,1010.9167741935483,8,31,2002-10-01,92.30000000000001,-0.13473462597098484
2002,11,28.24333333333333,22.575,33.4175,114.9,6.208666666666667,1010.9373333333334,6,30,2002-11-01,202.8,0.035675167089676614
2002,12,28.530645161290323,22.47258064516129,34.0733870967742,62.1,6.147096774193548,1010.5896774193548,9,31,2002-12-01,246.70000000000002,-0.006549935542057834
2003,1,29.51451612903226,22.583870967741937,34.688709677419354,29.9,6.186486486486486,1010.9416216216216,2,31,2003-01-01,206.89999999999998,0.042245465154991196
2003,2,29.40714285714285,23.142857142857142,34.88035714285714,20.6,6.405029585798816,1010.685798816568,4,28,2003-02-01,112.6,-0.225844701523869
2003,3,28.5,22.788709677419355,34.14032258064516,138.0,6.063763292475038,1010.9570570570572,11,31,2003-03-01,188.5,0.11118428724652696
2003,4,27.758333333333333,22.311666666666667,32.61833333333333,147.4,5.988205759101919,1010.745,12,30,2003-04-01,306.0,0.48586041953214315
2003,5,28.811290322580643,23.07258064516129,34.24677419354839,13.1,7.040860215053763,1011.62688172043,8,31,2003-05-01,298.5,0.5100988694555932
2003,6,28.348333333333336,22.36,34.25,31.4,8.018666666666666,1012.2233333333334,7,30,2003-06-01,191.9,0.5196351412398744
2003,7,29.240322580645163,23.02741935483871,35.01129032258064,6.3,11.233548387096777,1012.4174193548388,7,31,2003-07-01,50.8,-0.20834761960130235
2003,8,30.42096774193548,24.138709677419357,35.79999657948178,0.0,10.692959770114944,1011.8156989247312,0,31,2003-08-01,37.699999999999996,0.13439011374718576
2003,9,29.70833333333333,23.15,35.6825,46.4,9.334751619755142,1011.0869500372856,6,30,2003-09-01,52.699999999999996,0.46070247282305254
2003,10,28.445161290322584,22.55322580645161,34.41935483870968,86.2,7.007096774193548,1010.9167741935483,7,31,2003-10-01,132.6,0.3309163310696197
2003,11,27.20833333333333,21.91,32.28,287.0,6.208666666666667,1010.9373333333334,14,30,2003-11-01,419.6,1.0193486168520434
2003,12,27.835483870967742,21.996774193548383,32.71290322580645,84.3,6.147096774193548,1010.5896774193548,9,31,2003-12-01,457.50000000000006,0.7386785969542593
2004,1,28.51451612903226,22.706451612903223,33.38870967741936,80.6,6.186486486486486,1010.9416216216216,6,31,2004-01-01,451.90000000000003,0.8828183578730227
2004,2,28.889655172413796,22.52586206896552,34.73448275862069,90.0,6.405029585798816,1010.685798816568,7,29,2004-02-01,254.90000000000003,0.4927239352681898
2004,3,29.585483870967742,23.26451612903226,35.01451612903226,30.200000000000003,6.063763292475038,1010.9570570570572,4,31,2004-03-01,200.80000000000004,0.17935169040866505
2004,4,29.24075079255086,23.281036273548604,34.372007733288804,0.5,5.988205759101919,1010.745,1,30,2004-04-01,120.70000000000006,-0.5081883699483621
2004,5,27.974507238792956,22.76903810475239,33.141932229201515,0.0,7.040860215053763,1011.62688172043,0,31,2004-05-01,30.70000000000006,-1.2685418065272775
2004,6,28.220662220216912,22.563941660379616,33.59305937536417,0.0,8.018666666666666,1012.2233333333334,0,30,2004-06-01,0.5000000000000568,-1.856648608351996
2004,7,28.71185986367863,22.71914045161159,34.19503299444866,0.0,11.233548387096777,1012.4174193548388,0,31,2004-07-01,0.0,-1.382994127100638
2004,8,29.713756873321245,23.41949840858544,34.96654668554584,1.0,10.692959770114944,1011.8156989247312,2,31,2004-08-01,1.0000000000000568,-1.5064581311544767
2004,9,28.185,23.616666666666667,34.9778977878295,6.5,9.334751619755142,1011.0869500372856,3,30,2004-09-01,7.500000000000057,-1.0094048209597823
2004,10,27.635483870967743,22.72258064516129,33.935483870967744,138.2,7.007096774193548,1010.9167741935483,11,31,2004-10-01,145.70000000000005,0.4635785735765175
2004,11,27.33,22.101666666666667,31.883333333333333,315.7,6.208666666666667,1010.9373333333334,17,30,2004-11-01,460.40000000000003,1.1661142336808215
2004,12,27.86290322580645,22.65967741935484,32.13494623655914,113.3,6.147096774193548,1010.5896774193548,11,31,2004-12-01,567.2,1.045597288339479
2005,1,28.388709677419357,22.595161290322583,32.823011473708725,26.0,6.186486486486486,1010.9416216216216,6,31,2005-01-01,455.00000000000006,0.8912722122922986
2005,2,27.972133193001344,22.74144730979665,32.80616016690026,13.3,6.405029585798816,1010.685798816568,3,28,2005-02-01,152.60000000000005,0.01856161701689952
2005,3,28.38225806451613,22.904838709677417,34.01390982413109,8.1,6.063763292475038,1010.9570570570572,6,31,2005-03-01,47.400000000000055,-1.002384391802515
2005,4,28.526666666666664,22.76833333333333,34.215,94.5,5.988205759101919,1010.745,11,30,2005-04-01,115.90000000000006,-0.543330760852767
2005,5,27.787096774193547,22.16774193548387,33.141935483870974,14.3,7.040860215053763,1011.62688172043,9,31,2005-05-01,116.90000000000006,-0.45529768243857904
2005,6,28.956666666666667,22.855,35.14833333333333,16.8,8.018666666666666,1012.2233333333334,3,30,2005-06-01,125.60000000000005,0.1325647342030639
2005,7,29.201612903225808,22.85322580645161,35.28709677419354,1.5,11.233548387096777,1012.4174193548388,3,31,2005-07-01,32.60000000000006,-0.5029235639653963
2005,8,29.883333333333333,23.57204301075269,35.770967741935486,60.7,10.692959770114944,1011.8156989247312,4,31,2005-08-01,79.00000000000006,0.9392375163000136
2005,9,29.593888888888888,23.36888888888889,36.04833333333333,20.6,9.334751619755142,1011.0869500372856,5,30,2005-09-01,82.80000000000007,0.9932180981819286
2005,10,27.57903225806452,22.08870967741936,33.45622269619478,120.4,7.007096774193548,1010.9167741935483,9,31,2005-10-01,201.70000000000007,0.9610667293988321
2005,11,27.515,22.711666666666662,31.815,55.1,6.208666666666667,1010.9373333333334,5,30,2005-11-01,196.10000000000005,-0.003313107281759467
2005,12,26.94483870967742,22.122258064516128,31.878101768449103,40.7,6.147096774193548,1010.5896774193548,6,31,2005-12-01,216.20000000000007,-0.1416555651061174
2006,1,27.195583390540747,22.024961612528568,32.71641749753145,118.1,6.186486486486486,1010.9416216216216,5,31,2006-01-01,213.90000000000006,0.07352677693195572
2006,2,28.798665609788326,22.906420387536837,33.06995836800292,0.0,6.405029585798816,1010.685798816568,0,28,2006-02-01,158.80000000000007,0.052459594378005944
2006,3,28.48384526223267,22.633109030520085,32.80739945386596,3.0,6.063763292475038,1010.9570570570572,1,31,2006-03-01,121.10000000000005,-0.32147918467792913
2006,4,27.535057076945225,22.4687304684736,33.07970537040904,15.0,5.988205759101919,1010.745,1,30,2006-04-01,18.000000000000057,-1.474771651772002
2006,5,28.37775695886295,22.94331336865899,33.09258034688931,2.0,7.040860215053763,1011.62688172043,1,31,2006-05-01,20.000000000000057,-1.4028616513525987
2006,6,28.32190476190476,22.55642857142857,33.33642857142857,45.2,8.018666666666666,1012.2233333333334,6,30,2006-06-01,62.20000000000006,-0.3994961485626253
2006,7,28.951612903225808,23.411290322580644,34.06228130734834,0.0,11.233548387096777,1012.4174193548388,0,31,2006-07-01,47.20000000000006,-0.2611750401949614
2006,8,29.82322580645161,23.26935483870968,35.16958525345622,3.0,10.692959770114944,1011.8156989247312,3,31,2006-08-01,48.20000000000006,0.3772212646660717
2006,9,30.128083333333333,23.06,36.058928571428574,0.3,9.334751619755142,1011.0869500372856,1,30,2006-09-01,3.3000000000000567,-1.3124231309047372
2006,10,29.16006139757357,23.66465205282744,33.992473555850566,13.2,7.007096774193548,1010.9167741935483,3,31,2006-10-01,16.500000000000057,-1.4125422218748938
2006,11,27.44093936077519,22.00109286542046,32.18957867982573,16.0,6.208666666666667,1010.9373333333334,2,30,2006-11-01,29.500000000000057,-1.376853712875338
2006,12,27.688648271694696,22.42289377813093,32.54823811583722,20.8,6.147096774193548,1010.5896774193548,2,31,2006-12-01,50.00000000000006,-1.114406292610476
2007,1,28.387453276001036,22.56697452459246,34.18796241733919,0.0,6.186486486486486,1010.9416216216216,0,31,2007-01-01,36.800000000000054,-1.1728159408766303
2007,2,28.76481047089894,23.010811518049668,33.665914269035554,2.0,6.405029585798816,1010.685798816568,1,28,2007-02-01,22.800000000000058,-1.173583665409022
2007,3,28.028629032258067,22.56814516129032,33.00006789303692,94.5,6.063763292475038,1010.9570570570572,11,31,2007-03-01,96.50000000000006,-0.5149226766721733
2007,4,27.13,22.290000000000003,32.0075,165.8,5.988205759101919,1010.745,13,30,2007-04-01,262.30000000000007,0.2947802732919734
2007,5,27.48225806451613,22.20967741935484,32.508870967741935,33.7,7.040860215053763,1011.62688172043,8,31,2007-05-01,294.00000000000006,0.49148449065663513
2007,6,27.48166666666667,22.176666666666662,32.35333333333333,8.1,8.018666666666666,1012.2233333333334,3,30,2007-06-01,207.60000000000008,0.5979791178043401
2007,7,28.85725806451613,22.716129032258067,34.69774193548388,25.1,11.233548387096777,1012.4174193548388,5,31,2007-07-01,66.90000000000006,0.004520408834179123
2007,8,28.895967741935483,22.77258064516129,34.993613639926075,6.6,10.692959770114944,1011.8156989247312,3,31,2007-08-01,39.80000000000006,0.18605742450177062
2007,9,29.98625,23.5925,34.56319082872435,0.3,9.334751619755142,1011.0869500372856,1,30,2007-09-01,32.00000000000006,-0.030697366578821557
2007,10,28.25999037620614,21.92522925222017,33.84413190224266,67.3,7.007096774193548,1010.9167741935483,5,31,2007-10-01,74.20000000000005,-0.38251043735006646
2007,11,27.12958582956718,21.888150701687348,32.07166356432826,34.0,6.208666666666667,1010.9373333333334,2,30,2007-11-01,101.60000000000007,-0.6627329649236746
2007,12,27.665680695817997,22.611411598177916,32.20642520077862,0.0,6.147096774193548,1010.5896774193548,0,31,2007-12-01,101.30000000000005,-0.7635790303002588
2008,1,27.796766186239672,22.35130569855007,32.49837901594961,8.1,6.186486486486486,1010.9416216216216,2,31,2008-01-01,42.10000000000006,-1.1032600615055423
2008,2,27.9455458710084,22.684662606160146,33.116010037368945,0.0,6.405029585798816,1010.685798816568,0,29,2008-02-01,8.100000000000056,-1.5434054265817734
2008,3,28.119352004931127,22.608474487295645,33.25677617103611,0.0,6.063763292475038,1010.9570570570572,0,31,2008-03-01,8.100000000000056,-1.5310043696557067
2008,4,27.26833224446284,22.048798717495163,33.07970537040904,73.9,5.988205759101919,1010.745,1,30,2008-04-01,73.90000000000006,-0.8892076206442978
2008,5,27.974507238792956,22.76903810475239,33.141932229201515,0.0,7.040860215053763,1011.62688172043,0,31,2008-05-01,73.90000000000006,-0.8054085490724561
2008,6,28.220662220216912,22.563941660379616,33.59305937536417,0.0,8.018666666666666,1012.2233333333334,0,30,2008-06-01,73.90000000000006,-0.28003677672280436
2008,7,28.71185986367863,22.71914045161159,34.19503299444866,0.0,11.233548387096777,1012.4174193548388,0,31,2008-07-01,0.0,-1.382994127100638
2008,8,29.60509753819724,23.283630044409907,35.13244698196759,0.0,10.692959770114944,1011.8156989247312,0,31,2008-08-01,0.0,-1.5932188180230507
2008,9,29.710151777313044,23.272415197822745,35.578077802907075,0.0,9.334751619755142,1011.0869500372856,0,30,2008-09-01,0.0,-1.5932188180230507
2008,10,28.64360083119516,22.79688674274597,34.1148925621762,0.0,7.007096774193548,1010.9167741935483,0,31,2008-10-01,0.0,-1.5932188180230507
2008,11,27.323939269573625,22.468264911993405,31.97301501644883,0.0,6.208666666666667,1010.9373333333334,0,30,2008-11-01,0.0,-1.5932188180230507
2008,12,27.68226528566773,22.425467806239794,32.34361657496249,0.0,6.147096774193548,1010.5896774193548,0,31,2008-12-01,0.0,-1.382994127100638
2009,1,28.250514184460528,22.49119055361982,33.344124915739656,0.0,6.186486486486486,1010.9416216216216,0,31,2009-01-01,0.0,-1.9145058250555573
2009,2,28.462637074073147,22.66865973992025,33.68739858192333,0.0,6.405029585798816,1010.685798816568,0,28,2009-02-01,0.0,-1.9145058250555573
2009,3,27.954045204259987,22.6485657348525,33.25677617103611,0.0,6.063763292475038,1010.9570570570572,0,31,2009-03-01,0.0,-1.6067550689692431
2009,4,27.91053237765258,22.61826882064582,33.07970537040904,0.0,5.988205759101919,1010.745,0,30,2009-04-01,0.0,-1.6067550689692431
2009,5,27.974507238792956,22.76903810475239,33.141932229201515,0.0,7.040860215053763,1011.62688172043,0,31,2009-05-01,0.0,-1.6067550689692431
2009,6,28.220662220216912,22.563941660379616,33.59305937536417,0.0,8.018666666666666,1012.2233333333334,0,30,2009-06-01,0.0,-1.9145058250555573
2009,7,28.71185986367863,22.71914045161159,34.19503299444866,0.0,11.233548387096777,1012.4174193548388,0,31,2009-07-01,0.0,-1.382994127100638
2009,8,29.60509753819724,23.283630044409907,35.13244698196759,0.0,10.692959770114944,1011.8156989247312,0,31,2009-08-01,0.0,-1.5932188180230507
2009,9,29.710151777313044,23.272415197822745,35.578077802907075,0.0,9.334751619755142,1011.0869500372856,0,30,2009-09-01,0.0,-1.5932188180230507
2009,10,28.64360083119516,22.79688674274597,34.1148925621762,0.0,7.007096774193548,1010.9167741935483,0,31,2009-10-01,0.0,-1.5932188180230507
2009,11,27.323939269573625,22.468264911993405,31.97301501644883,0.0,6.208666666666667,1010.9373333333334,0,30,2009-11-01,0.0,-1.5932188180230507
2009,12,27.7710783225386,22.464938663700455,32.34361657496249,0.0,6.147096774193548,1010.5896774193548,0,31,2009-12-01,0.0,-1.382994127100638
2010,1,30.23064516129032,23.024193548387096,35.946774193548386,6.9,6.186486486486486,1010.9416216216216,4,31,2010-01-01,6.900000000000057,-1.7304225864365224
2010,2,30.83392857142857,24.21607142857143,37.85714285714285,24.0,6.405029585798816,1010.685798816568,7,28,2010-02-01,30.900000000000055,-1.0308425536232457
2010,3,29.530645161290323,23.85483870967742,36.230645161290326,84.80000000000001,6.063763292475038,1010.9570570570572,7,31,2010-03-01,115.70000000000007,-0.3618485351918406
2010,4,28.46333333333333,23.01833333333333,34.94166666666667,226.9,5.988205759101919,1010.745,14,30,2010-04-01,335.70000000000005,0.6063028944450627
2010,5,28.41290322580645,23.23064516129032,33.479032258064514,272.5,7.040860215053763,1011.62688172043,12,31,2010-05-01,584.2,1.4518045811830924
2010,6,27.236666666666668,22.016666666666666,33.615,14.0,8.018666666666666,1012.2233333333334,10,30,2010-06-01,513.4000000000001,1.6861736237778633
2010,7,27.330645161290324,21.906451612903226,32.98774193548387,71.3,11.233548387096777,1012.4174193548388,13,31,2010-07-01,357.80000000000007,1.9527872473721863
2010,8,29.12741935483871,22.738709677419354,34.744516129032256,4.8,10.692959770114944,1011.8156989247312,4,31,2010-08-01,90.10000000000005,1.1075525747873058
2010,9,28.121666666666663,22.086666666666662,34.98166666666667,63.9,9.334751619755142,1011.0869500372856,7,30,2010-09-01,140.00000000000006,1.7417867819924662
2010,10,27.686559139784944,22.173655913978493,33.55,124.9,7.007096774193548,1010.9167741935483,10,31,2010-10-01,193.60000000000008,0.8948442447078623
2010,11,26.23611111111111,21.86055555555556,31.173333333333336,276.6,6.208666666666667,1010.9373333333334,17,30,2010-11-01,465.4000000000001,1.1835458708272375
2010,12,26.247849462365597,21.9,31.70483870967742,147.7,6.147096774193548,1010.5896774193548,11,31,2010-12-01,549.2,0.9978369702782599
2011,1,28.25967741935484,22.288709677419355,33.58870967741935,22.8,6.186486486486486,1010.9416216216216,4,31,2011-01-01,447.10000000000014,0.8696563081062421
2011,2,27.03392857142857,22.275,32.285714285714285,113.9,6.405029585798816,1010.685798816568,11,28,2011-02-01,284.4000000000001,0.6054350038141285
2011,3,26.55161290322581,21.740322580645163,32.78064516129032,179.6,6.063763292475038,1010.9570570570572,13,31,2011-03-01,316.3000000000001,0.7211001481899777
2011,4,26.545,21.76833333333333,33.18666666666666,298.6,5.988205759101919,1010.745,18,30,2011-04-01,592.1000000000001,1.446052844148289
2011,5,26.99516129032258,22.348387096774196,33.0010752688172,195.0,7.040860215053763,1011.62688172043,9,31,2011-05-01,673.2000000000002,1.6842774794680677
2011,6,27.64333333333333,21.811666666666667,33.25958346066029,23.8,8.018666666666666,1012.2233333333334,7,30,2011-06-01,517.4000000000001,1.6972491313016016
2011,7,27.888709677419357,22.041935483870965,33.58145161290323,51.4,11.233548387096777,1012.4174193548388,7,31,2011-07-01,270.2000000000001,1.5290004933742214
2011,8,29.39032258064516,22.490322580645163,35.69740909328405,0.0,10.692959770114944,1011.8156989247312,0,31,2011-08-01,75.20000000000012,0.8782962124931539
2011,9,29.335,22.085,35.8,62.99999999999999,9.334751619755142,1011.0869500372856,5,30,2011-09-01,114.40000000000012,1.4354238833191348
2011,10,27.73763440860215,22.551075268817204,33.30806451612903,62.5,7.007096774193548,1010.9167741935483,11,31,2011-10-01,125.50000000000011,0.25568953162644664
2011,11,26.61777777777778,22.052222222222223,32.175,296.8,6.208666666666667,1010.9373333333334,14,30,2011-11-01,422.3000000000001,1.0293236585507477
2011,12,26.929032258064517,22.137096774193548,31.633485839335705,236.1,6.147096774193548,1010.5896774193548,13,31,2011-12-01,595.4000000000001,1.1186327072015219
2012,1,27.443548387096776,22.243548387096773,32.89677419354839,95.3,6.186486486486486,1010.9416216216216,11,31,2012-01-01,628.2000000000002,1.3159241665699675
2012,2,28.29137931034483,22.344827586206897,33.04597701149425,23.7,6.405029585798816,1010.685798816568,9,29,2012-02-01,355.1000000000001,0.848103155250418
2012,3,28.05806451612903,22.529032258064515,33.723118279569896,71.7,6.063763292475038,1010.9570570570572,7,31,2012-03-01,190.7000000000001,0.12357332255494746
2012,4,27.26,21.861666666666668,32.42666666666666,200.9,5.988205759101919,1010.745,14,30,2012-04-01,296.3000000000001,0.44497279733291567
2012,5,28.596774193548388,22.675806451612903,33.93387096774194,19.1,7.040860215053763,1011.62688172043,6,31,2012-05-01,291.70000000000016,0.48190246779234697
2012,6,29.50333333333333,23.105,34.90333333333333,8.6,8.018666666666666,1012.2233333333334,6,30,2012-06-01,228.6000000000001,0.697041123228981
2012,7,29.09354838709677,23.13387096774193,34.64354838709678,33.300000000000004,11.233548387096777,1012.4174193548388,5,31,2012-07-01,61.00000000000012,-0.06956588250758186
2012,8,29.625806451612902,23.47258064516129,35.38225806451613,6.3,10.692959770114944,1011.8156989247312,4,31,2012-08-01,48.20000000000012,0.3772212646660726
2012,9,30.10333333333333,23.453333333333333,35.65,11.2,9.334751619755142,1011.0869500372856,3,30,2012-09-01,50.80000000000012,0.42130375707690926
2012,10,28.34354838709677,22.66290322580645,33.65053763440861,113.5,7.007096774193548,1010.9167741935483,8,31,2012-10-01,131.0000000000001,0.3141793949847564
2012,11,27.1,22.56833333333333,32.50611111111111,224.2,6.208666666666667,1010.9373333333334,16,30,2012-11-01,348.9000000000001,0.7427726654094097
2012,12,27.203225806451613,22.18387096774193,31.97741935483871,144.6,6.147096774193548,1010.5896774193548,17,31,2012-12-01,482.30000000000007,0.8116161479860942
2013,1,28.79032258064516,22.40322580645161,34.020967741935486,48.0,6.186486486486486,1010.9416216216216,3,31,2013-01-01,416.80000000000007,0.7844433094900135
2013,2,27.414285714285715,22.480357142857144,32.40714285714286,108.6,6.405029585798816,1010.685798816568,13,28,2013-02-01,301.2000000000001,0.6662991694321239
2013,3,28.10483870967742,22.69032258064516,34.09193548387096,27.5,5.020536595712366,1010.9570570570572,7,31,2013-03-01,184.1000000000001,0.08613746755412961
2013,4,29.375,22.90833333333333,34.105,97.1,5.988205759101919,1010.745,3,30,2013-04-01,233.2000000000001,0.15644180496550308
2013,5,27.59032258064516,22.574193548387097,32.92863497356325,133.8,7.040860215053763,1011.62688172043,14,31,2013-05-01,258.4000000000001,0.3376061259738678
2013,6,28.938333333333333,22.85666666666667,34.10583333333333,5.5,8.018666666666666,1012.2233333333334,4,30,2013-06-01,236.40000000000012,0.7323520865656055
2013,7,28.488709677419354,22.693548387096776,34.16516129032258,9.0,11.233548387096777,1012.4174193548388,8,31,2013-07-01,148.30000000000013,0.7699815431125208
2013,8,29.070967741935487,23.425,34.13354838709678,12.4,10.692959770114944,1011.8156989247312,3,31,2013-08-01,26.900000000000112,-0.16464864189425002
2013,9,29.766666666666666,23.2975,35.791333333333334,1.0,9.334751619755142,1011.0869500372856,1,30,2013-09-01,22.400000000000112,-0.3291027819892949
2013,10,29.34032258064516,23.18548387096774,34.980645161290326,22.6,7.007096774193548,1010.9167741935483,4,31,2013-10-01,36.000000000000114,-1.028000775044176
2013,11,26.9,22.37,30.669179779970957,144.2,6.208666666666667,1010.9373333333334,14,30,2013-11-01,167.8000000000001,-0.17730302772131543
2013,12,27.280645161290323,22.44677419354839,32.19919354838709,75.6,6.147096774193548,1010.5896774193548,10,31,2013-12-01,242.4000000000001,-0.025022129010741502
2014,1,28.54032258064516,22.65322580645161,34.17822580645161,40.4,6.186486486486486,1010.9416216216216,5,31,2014-01-01,260.2000000000001,0.26523309862160227
2014,2,28.86785714285714,22.985714285714288,33.94732142857143,22.200000000000003,6.405029585798816,1010.685798816568,5,28,2014-02-01,138.2000000000001,-0.06386274009758647
2014,3,28.0417075513919,22.562319324780187,32.76340829116828,34.3,6.063763292475038,1010.9570570570572,8,31,2014-03-01,96.90000000000012,-0.5115655689912252
2014,4,29.438333333333333,23.126666666666665,34.33833333333334,7.5,5.988205759101919,1010.745,5,30,2014-04-01,64.00000000000011,-0.9828141366989545
2014,5,28.35,22.740322580645163,33.71048387096774,63.6,7.040860215053763,1011.62688172043,8,31,2014-05-01,105.40000000000012,-0.540998233605042
2014,6,28.86,22.94333333333333,34.20916666666666,23.3,8.018666666666666,1012.2233333333334,9,30,2014-06-01,94.40000000000012,-0.09849682647479759
2014,7,30.2241935483871,23.85,35.082258064516125,2.0,11.233548387096777,1012.4174193548388,1,31,2014-07-01,88.90000000000012,0.25073452250644596
2014,8,29.5,23.411290322580644,34.861427669275685,0.8,10.692959770114944,1011.8156989247312,1,31,2014-08-01,26.100000000000115,-0.18957663591613266
2014,9,30.526666666666667,23.61833333333333,36.33416666666667,29.3,9.334751619755142,1011.0869500372856,4,30,2014-09-01,32.100000000000115,-0.02790257885987043
2014,10,29.448387096774194,23.146774193548385,34.541788648959084,198.9,7.007096774193548,1010.9167741935483,9,31,2014-10-01,229.0000000000001,1.172999278867286
2014,11,27.933888888888887,22.550555555555555,33.00555555555555,77.5,6.208666666666667,1010.9373333333334,13,30,2014-11-01,305.7000000000001,0.5564587645131196
2014,12,28.19462365591398,22.431720430107525,32.76359336621743,158.29999999999998,6.147096774193548,1010.5896774193548,11,31,2014-12-01,434.70000000000005,0.6695149027616308
2015,1,28.59336917562724,22.54175627240144,34.04967741935484,11.2,6.186486486486486,1010.9416216216216,3,31,2015-01-01,247.00000000000009,0.21301472009694722
2015,2,29.1200941812169,23.44173784785429,33.80781468183696,91.2,6.405029585798816,1010.685798816568,7,28,2015-02-01,260.7000000000001,0.5155222840121937
2015,3,28.63225806451613,23.508064516129032,33.61532258064516,69.0,6.063763292475038,1010.9570570570572,9,31,2015-03-01,171.40000000000012,0.011719867010295893
2015,4,29.206666666666667,23.78,34.21583333333333,0.6,5.988205759101919,1010.745,2,30,2015-04-01,160.80000000000013,-0.24088158318007846
2015,5,29.703225806451613,23.84354838709677,35.50483870967742,10.4,7.040860215053763,1011.62688172043,6,31,2015-05-01,80.00000000000011,-0.7502619042171519
2015,6,29.473333333333336,23.81833333333333,34.05365753473436,2.6,8.018666666666666,1012.2233333333334,5,30,2015-06-01,13.600000000000113,-1.2082218507516105
2015,7,30.30322580645161,23.988709677419354,35.529803931720565,8.399999999999999,11.233548387096777,1012.4174193548388,4,31,2015-07-01,21.400000000000112,-0.7314866996221397
2015,8,30.700000000000003,24.93548387096774,35.584926686217,4.5,13.358565072302556,1011.8156989247312,4,31,2015-08-01,15.500000000000112,-0.5763871708647188
2015,9,31.84611111111111,25.47111111111111,37.33988570236863,1.0,10.16267638519752,1011.0869500372856,1,30,2015-09-01,13.900000000000112,-0.6672843878111864
2015,10,31.06021505376344,24.54247311827957,36.5381636623889,18.5,7.007096774193548,1010.9167741935483,6,31,2015-10-01,24.000000000000114,-1.267048639714707
2015,11,29.40666666666667,23.385,31.97301501644883,75.9,6.208666666666667,1010.9373333333334,5,30,2015-11-01,95.40000000000012,-0.7156991408312143
2015,12,30.93548387096774,24.15967741935484,32.34361657496249,0.5,6.147096774193548,1010.5896774193548,1,31,2015-12-01,94.90000000000012,-0.8050039444557235
2016,1,31.15322580645161,24.51129032258065,33.344124915739656,13.9,6.186486486486486,1010.9416216216216,2,31,2016-01-01,90.30000000000013,-0.6329324508565172
2016,2,31.28965517241379,25.07413793103448,35.0172743757284,1.1,6.405029585798816,1010.685798816568,3,29,2016-02-01,15.500000000000114,-1.3319728845472898
2016,3,29.67096774193548,24.483870967741936,33.38465357954197,46.1,6.063763292475038,1010.9570570570572,9,31,2016-03-01,61.100000000000115,-0.8485534475226821
2016,4,29.11833333333333,23.58,33.49637877780098,21.7,5.988205759101919,1010.745,7,30,2016-04-01,68.90000000000012,-0.9358271424176893
2016,5,28.82903225806452,23.708064516129035,33.1863081413789,12.2,7.040860215053763,1011.62688172043,3,31,2016-05-01,80.00000000000011,-0.7502619042171519
2016,6,28.96833333333333,23.12333333333333,33.9772290491801,18.0,8.018666666666666,1012.2233333333334,6,30,2016-06-01,51.90000000000011,-0.5180766502687143
2016,7,29.27258064516129,22.96935483870968,33.71591778000037,9.0,11.233548387096777,1012.4174193548388,5,31,2016-07-01,39.20000000000012,-0.3874516918278692
2016,8,30.57177419354839,23.958870967741937,35.293604051753874,6.699999999999999,10.692959770114944,1011.8156989247312,4,31,2016-08-01,33.70000000000012,0.030764224296641718
2016,9,30.1545,23.26683333333333,35.578077802907075,67.6,9.334751619755142,1011.0869500372856,6,30,2016-09-01,83.30000000000011,1.0009543761076736
2016,10,29.53354838709677,23.424838709677417,34.39706831772123,65.3,7.007096774193548,1010.9167741935483,7,31,2016-10-01,139.6000000000001,0.40274310555191767
2016,11,28.03166666666667,22.945,32.603089290388546,46.0,6.208666666666667,1010.9373333333334,13,30,2016-11-01,178.90000000000012,-0.10715370104397237
2016,12,27.59193548387097,22.45483870967742,32.46959205781264,74.9,6.147096774193548,1010.5896774193548,9,31,2016-12-01,186.2000000000001,-0.2848588181181148
2017,1,27.374193548387098,22.59193548387097,33.522577325388376,71.8,6.186486486486486,1010.9416216216216,7,31,2017-01-01,192.7000000000001,-0.023412279639998066
2017,2,28.65,22.65714285714285,33.68739858192333,50.6,6.405029585798816,1010.685798816568,6,28,2017-02-01,197.30000000000013,0.24550640680882715
2017,3,27.520967741935483,22.146774193548385,33.25677617103611,146.70000000000002,6.063763292475038,1010.9570570570572,9,31,2017-03-01,269.10000000000014,0.5175542022540695
2017,4,28.25222222222222,23.01888888888889,33.229041621515094,163.3,5.724106980380096,1010.745,7,30,2017-04-01,360.60000000000014,0.7023166624192569
2017,5,28.41559139784946,22.755913978494625,33.141932229201515,194.6,7.040860215053763,1011.62688172043,7,31,2017-05-01,504.60000000000014,1.2249557025713385
2017,6,28.26333333333333,22.96833333333333,33.59305937536417,40.1,8.018666666666666,1012.2233333333334,10,30,2017-06-01,398.0000000000001,1.3411414177412684
2017,7,29.43387096774193,23.606451612903225,34.19503299444866,5.9,11.233548387096777,1012.4174193548388,5,31,2017-07-01,240.6000000000001,1.3676185892060215
2017,8,30.095161290322583,23.187096774193545,34.732162609844345,13.0,10.692959770114944,1011.8156989247312,5,31,2017-08-01,59.000000000000114,0.5945514336216103
2017,9,30.696666666666665,23.941666666666663,35.139537409595555,3.3,9.334751619755142,1011.0869500372856,2,30,2017-09-01,22.200000000000113,-0.33608541489659516
2017,10,29.148387096774197,23.298387096774192,34.1148925621762,124.2,7.007096774193548,1010.9167741935483,7,31,2017-10-01,140.5000000000001,0.4118187233033841
2017,11,27.776666666666664,22.66333333333333,31.25845537742428,35.6,6.208666666666667,1010.9373333333334,7,30,2017-11-01,163.1000000000001,-0.20781429994764017
2017,12,28.02258064516129,22.60322580645161,32.34361657496249,119.5,6.147096774193548,1010.5896774193548,12,31,2017-12-01,279.30000000000007,0.12800250633214297
2018,1,27.529032258064515,21.996774193548383,33.344124915739656,69.4,6.186486486486486,1010.9416216216216,4,31,2018-01-01,224.5000000000001,0.11964371951860917
2018,2,28.02857142857143,22.74642857142857,33.68739858192333,39.1,6.405029585798816,1010.685798816568,4,28,2018-02-01,228.0000000000001,0.3823558890379141
2018,3,28.73225806451613,22.69032258064516,33.25677617103611,48.3,6.063763292475038,1010.9570570570572,10,31,2018-03-01,156.80000000000013,-0.0781124990270741
2018,4,27.35833333333333,22.241666666666667,33.07970537040904,22.6,5.988205759101919,1010.745,8,30,2018-04-01,110.00000000000011,-0.5876106120619405
2018,5,27.820967741935487,22.616129032258065,33.141932229201515,21.2,7.040860215053763,1011.62688172043,9,31,2018-05-01,92.10000000000012,-0.6467862685164631
2018,6,28.50333333333333,22.495,33.59305937536417,12.7,8.018666666666666,1012.2233333333334,4,30,2018-06-01,56.500000000000114,-0.46330414545632864
2018,7,29.39032258064516,22.84193548387097,34.19503299444866,22.0,11.233548387096777,1012.4174193548388,5,31,2018-07-01,55.90000000000011,-0.13710000865163768
2018,8,29.97741935483871,23.361290322580647,35.3524045630587,0.5,10.692959770114944,1011.8156989247312,1,31,2018-08-01,35.20000000000012,0.07048012329631141
2018,9,30.285,23.508333333333333,35.424753187167816,57.1,9.334751619755142,1011.0869500372856,5,30,2018-09-01,79.60000000000011,0.9430134945275273
2018,10,28.532258064516128,23.19193548387097,33.568511129188074,103.4,7.007096774193548,1010.9167741935483,14,31,2018-10-01,161.0000000000001,0.6096586316457834
2018,11,28.6,23.446666666666665,32.188412013159066,142.6,6.208666666666667,1010.9373333333334,10,30,2018-11-01,303.10000000000014,0.5447446887999191
2018,12,29.106451612903225,22.36290322580645,33.88225806451613,0.3,6.147096774193548,1010.5896774193548,1,31,2018-12-01,246.30000000000013,-0.008260738542360212
2019,1,29.279032258064515,22.96451612903226,33.796129032258065,25.7,6.186486486486486,1010.9416216216216,8,31,2019-01-01,168.6000000000001,-0.14255124483747525
2019,2,29.373214285714287,23.38214285714286,34.98871128523356,8.0,6.405029585798816,1010.685798816568,4,28,2019-02-01,34.000000000000114,-0.9825748267033972
2019,3,29.032258064516128,23.24516129032258,34.84896410587572,5.6,6.063763292475038,1010.9570570570572,6,31,2019-03-01,39.30000000000012,-1.1017072246944029
2019,4,28.168333333333337,22.616666666666667,33.53228647530993,78.1,5.988205759101919,1010.745,13,30,2019-04-01,91.7000000000001,-0.733359541050755
2019,5,28.43548387096774,23.020967741935483,33.673021789531724,62.1,7.040860215053763,1011.62688172043,7,31,2019-05-01,145.8000000000001,-0.25922424613110323
2019,6,28.465,23.188333333333333,33.70810197917881,45.9,8.018666666666666,1012.2233333333334,5,30,2019-06-01,186.1000000000001,0.48964940060814416
2019,7,29.6,23.375806451612902,35.08709677419355,1.3,11.233548387096777,1012.4174193548388,3,31,2019-07-01,109.30000000000011,0.44786934271266704
2019,8,30.33870967741936,24.448387096774194,35.72741935483871,1.6,10.692959770114944,1011.8156989247312,4,31,2019-08-01,48.80000000000011,0.3900500458414611
2019,9,31.03833333333333,23.99,36.655,31.1,9.334751619755142,1011.0869500372856,5,30,2019-09-01,34.000000000000114,0.02420248627103287
2019,10,28.638709677419357,22.753225806451614,33.89861058004823,11.1,7.007096774193548,1010.9167741935483,6,31,2019-10-01,43.80000000000012,-0.8802614449310194
2019,11,28.461666666666662,23.255,32.252698241385005,80.4,6.208666666666667,1010.9373333333334,6,30,2019-11-01,122.60000000000012,-0.4941494584250422
2019,12,28.36290322580645,23.056451612903224,33.398387096774194,123.2,6.147096774193548,1010.5896774193548,12,31,2019-12-01,214.7000000000001,-0.14855815425315275
2020,1,29.75,23.89354838709677,34.56935483870968,14.2,6.186486486486486,1010.9416216216216,5,31,2020-01-01,217.80000000000013,0.09066470145878462
2020,2,30.99827586206897,23.474137931034484,37.032758620689656,139.7,6.405029585798816,1010.685798816568,6,29,2020-02-01,277.10000000000014,0.578270511978366
2020,3,29.07903225806452,23.293548387096774,34.66711265959789,20.6,6.063763292475038,1010.9570570570572,8,31,2020-03-01,174.5000000000001,0.030187679569957722
2020,4,29.98,23.348333333333336,33.07970537040904,16.0,5.988205759101919,1010.745,9,30,2020-04-01,176.3000000000001,-0.14799702185033864
2020,5,29.28548387096774,23.361290322580647,33.141932229201515,66.0,7.040860215053763,1011.62688172043,12,31,2020-05-01,102.60000000000011,-0.5626403132193546
2020,6,28.35333333333333,22.64333333333333,33.59305937536417,54.3,8.018666666666666,1012.2233333333334,11,30,2020-06-01,136.30000000000013,0.20289391541175666
2020,7,28.953225806451613,22.54032258064516,34.39383341275471,53.8,11.233548387096777,1012.4174193548388,11,31,2020-07-01,174.1000000000001,0.9554736366899576
2020,8,30.248387096774195,23.17419354838709,34.96482980493798,4.8,10.692959770114944,1011.8156989247312,5,31,2020-08-01,112.9000000000001,1.4172561496934872
2020,9,29.98849122807017,22.798298245614035,36.9928886794004,54.4,9.334751619755142,1011.0869500372856,9,30,2020-09-01,113.00000000000011,1.4175305456504725
2020,10,29.040900500539387,22.69979830696831,34.1148925621762,0.0,7.007096774193548,1010.9167741935483,0,31,2020-10-01,59.20000000000011,-0.6133601967925485
2020,11,27.323939269573625,22.468264911993405,31.97301501644883,0.0,6.208666666666667,1010.9373333333334,0,30,2020-11-01,54.40000000000011,-1.1087701641099037
2020,12,27.68226528566773,22.425467806239794,32.34361657496249,0.0,6.147096774193548,1010.5896774193548,0,31,2020-12-01,0.0,-1.382994127100638
2021,1,27.779048844660014,22.86745775979419,32.86271370695935,80.8,5.015693112467306,1009.13037489102,15,31,2021-01-01,80.80000000000011,-0.7097754788603763
2021,2,27.542857142857144,23.075,32.92857142857143,161.29999999999998,5.525,1009.2892857142856,22,28,2021-02-01,242.10000000000008,0.44119828312114534
2021,3,25.138709677419357,21.61290322580645,29.780645161290323,225.8,4.548387096774194,1010.4774193548388,27,31,2021-03-01,467.9000000000001,1.2700789404303288
2021,4,27.80333333333333,22.82333333333333,33.776666666666664,50.6,6.3533333333333335,1009.4066666666666,10,30,2021-04-01,437.7000000000001,0.9760110953601073
2021,5,26.41935483870968,22.40322580645161,31.638709677419357,117.6,6.725806451612903,1011.0419354838708,17,31,2021-05-01,394.0000000000001,0.8700302926560207
2021,6,26.67,22.256666666666668,32.11666666666667,42.3,7.16,1011.53,16,30,2021-06-01,210.5000000000001,0.6120295855128934
2021,7,28.72258064516129,23.26129032258065,34.774193548387096,8.2,13.670967741935485,1011.5,6,31,2021-07-01,168.10000000000014,0.9139035577581374
2021,8,29.38064516129032,24.387096774193548,35.29354838709677,20.4,11.393548387096772,1010.925806451613,11,31,2021-08-01,70.90000000000013,0.8070017882136475
2021,9,29.883333333333333,23.68,36.39666666666667,15.3,8.313333333333334,1010.2866666666666,8,30,2021-09-01,43.90000000000014,0.2699467122178984
2021,10,27.348387096774196,22.31935483870968,33.25483870967742,198.7,4.948387096774193,1010.1806451612904,24,31,2021-10-01,234.40000000000015,1.2130643445096059
2021,11,25.423333333333336,21.59,30.24,213.9,4.54,1010.7466666666668,27,30,2021-11-01,427.90000000000015,1.0498890863429935
2021,12,27.51290322580645,22.6,31.929032258064517,77.8,5.493548387096775,1010.3290322580646,18,31,2021-12-01,490.40000000000015,0.8349522080393668
2022,1,27.851612903225806,22.31290322580645,33.07096774193548,42.7,5.741935483870968,1011.048387096774,11,31,2022-01-01,334.40000000000015,0.5307633594731613
2022,2,27.25357142857143,22.0,32.714285714285715,183.0,6.021428571428571,1010.7892857142856,21,28,2022-02-01,303.5000000000001,0.6744616165419918
2022,3,26.8483870967742,21.851612903225806,31.970967741935485,208.2,5.729032258064516,1010.7516129032258,23,31,2022-03-01,433.9000000000001,1.1577279343792166
2022,4,27.09333333333333,22.32,32.11,104.4,6.3,1010.4766666666668,16,30,2022-04-01,495.60000000000014,1.162601449143066
2022,5,27.21935483870968,21.958064516129035,32.33548387096774,134.5,6.758064516129032,1011.6387096774192,15,31,2022-05-01,447.10000000000014,1.0471451790797899
2022,6,26.933333333333334,21.540000000000003,32.49333333333333,103.1,6.9,1011.92,17,30,2022-06-01,342.0000000000001,1.151374508414798
2022,7,27.51935483870968,21.725806451612904,32.20967741935484,27.6,7.570967741935483,1011.574193548387,10,31,2022-07-01,265.20000000000016,1.5025049219884166
2022,8,28.56451612903226,22.63225806451613,33.900000000000006,17.5,9.22258064516129,1011.5,7,31,2022-08-01,148.20000000000013,1.8296585063207194
2022,9,27.9,21.80333333333333,32.776666666666664,80.5,7.84,1011.7833333333332,14,30,2022-09-01,125.60000000000014,1.5740453593165862
2022,10,27.016129032258064,22.048387096774192,31.47741935483871,315.5,6.458064516129032,1011.6096774193549,20,31,2022-10-01,413.5000000000001,2.3118250723139298
2022,11,26.173333333333336,21.53333333333333,30.866666666666667,363.5,6.366666666666666,1011.5,25,30,2022-11-01,759.5000000000001,2.057285591947255
2022,12,26.83225806451613,21.61935483870968,31.50967741935484,188.2,6.006451612903225,1010.9612903225806,21,31,2022-12-01,867.2,1.7357534642033563
2023,1,26.061290322580643,21.17419354838709,30.83870967741936,215.7,6.129032258064516,1011.9774193548388,25,31,2023-01-01,767.4000000000001,1.6071581165940463
2023,2,28.103571428571428,22.264285714285712,33.41428571428572,97.4,6.746428571428572,1010.4964285714286,11,28,2023-02-01,501.30000000000007,1.2670284673156096
2023,3,26.687096774193545,21.94193548387097,31.4741935483871,255.9,6.529032258064516,1011.8064516129032,25,31,2023-03-01,569.0000000000001,1.577420145856238
2023,4,26.83333333333333,22.15,31.756666666666668,159.9,6.753333333333333,1011.1533333333332,20,30,2023-04-01,513.2000000000002,1.2166555728608843
2023,5,28.006451612903227,22.793548387096774,33.270967741935486,54.8,7.958064516129032,1011.467741935484,16,31,2023-05-01,470.60000000000014,1.1214119273734218
2023,6,28.88,22.936666666666667,33.56666666666667,8.5,10.466666666666669,1012.32,3,30,2023-06-01,223.2000000000001,0.6721430868922482
2023,7,28.60322580645161,23.345161290322583,33.567741935483866,14.2,11.0,1012.4193548387096,4,31,2023-07-01,77.50000000000011,0.12839986550072438
2023,8,30.22903225806452,23.51935483870968,35.71935483870968,31.8,10.290322580645162,1011.5096774193548,6,31,2023-08-01,54.500000000000114,0.5072901303475427
2023,9,31.25,24.65,36.43,8.7,9.77,1010.31,6,30,2023-09-01,54.70000000000012,0.5012303489860847
2023,10,30.425806451612903,24.30967741935484,35.829032258064515,190.1,8.529032258064515,1010.3580645161288,17,31,2023-10-01,230.6000000000001,1.184929892706799
2023,11,28.5,23.3,33.32333333333333,140.0,6.71,1010.3266666666666,15,30,2023-11-01,338.8000000000001,0.7005381897023392
2023,12,28.825806451612905,23.125806451612902,33.222580645161294,171.3,6.593548387096774,1010.2612903225806,19,31,2023-12-01,501.40000000000015,0.8662776495783308
2024,1,29.76451612903226,22.60967741935484,35.1741935483871,100.3,7.074193548387097,1010.8483870967742,14,31,2024-01-01,411.60000000000014,0.769429966368425
2024,2,29.406896551724135,23.81379310344828,34.706896551724135,211.8,7.968965517241379,1011.1344827586208,18,29,2024-02-01,483.40000000000015,1.2202194144216154
2024,3,29.95483870967742,24.241935483870968,35.251612903225805,157.9,7.964516129032258,1010.5225806451612,19,31,2024-03-01,470.0000000000001,1.2768528125337575
2024,4,28.80333333333333,23.166666666666668,34.18,170.5,6.89,1010.9333333333332,19,30,2024-04-01,540.2000000000002,1.2974266704202657
2024,5,28.177419354838708,23.41935483870968,32.46774193548387,110.8,7.422580645161291,1011.3903225806451,16,31,2024-05-01,439.2000000000001,1.021643697588428
2024,6,28.03666666666667,22.62333333333333,33.193333333333335,42.4,7.64,1012.2733333333332,15,30,2024-06-01,323.7000000000001,1.0852358216772044
2024,7,28.325806451612905,23.66774193548387,33.33870967741935,5.1,12.938709677419356,1012.8096774193548,4,31,2024-07-01,158.3000000000001,0.8440319769205441
2024,8,28.898387096774197,23.432258064516127,34.50215053763441,4.5,10.483064516129032,1012.1172043010752,5,31,2024-08-01,52.000000000000114,0.4568595300688488
2024,9,30.675,24.082413839927423,36.8018618526895,15.1,10.425833333333332,1010.4080835197614,6,30,2024-09-01,24.700000000000113,-0.25138504496824904
2024,10,28.94193548387097,22.780645161290323,34.89032258064516,196.6,8.125806451612904,1011.0935483870968,18,31,2024-10-01,216.2000000000001,1.0756704670481294
2024,11,26.69333333333333,22.246666666666663,31.35666666666667,520.8,6.566666666666666,1011.2633333333334,28,30,2024-11-01,732.5,1.9867108553798767
2024,12,27.39354838709677,22.483870967741936,31.990322580645163,236.2,6.34516129032258,1010.8935483870968,24,31,2024-12-01,953.5999999999999,1.9070664605808383
2025,1,27.54516129032258,22.203225806451613,32.29677419354839,148.0,6.564516129032258,1011.5806451612904,24,31,2025-01-01,905.0,1.865046262802729
2025,2,27.182142857142857,22.185714285714287,32.19285714285714,228.8,6.675,1010.9571428571428,23,28,2025-02-01,613.0000000000001,1.5382882081026725
2025,3,26.274193548387096,21.970967741935485,31.43387096774193,196.8,6.416129032258064,1011.6971810520196,19,31,2025-03-01,573.6000000000001,1.5905872066580105
2025,4,26.423333333333336,22.48,31.563333333333333,146.6,6.303333333333333,1011.4566666666668,23,30,2025-04-01,572.2000000000002,1.3900373360814355
2025,5,26.26451612903226,22.516129032258064,31.19677419354839,63.4,7.729032258064516,1012.6290322580644,16,31,2025-05-01,406.8000000000001,0.9140038481402938
2025,6,26.296666666666667,22.566666666666663,31.41333333333333,74.5,7.926666666666667,1013.0733333333334,18,30,2025-06-01,284.5000000000001,0.9352891242256461
2025,7,27.26129032258065,22.351612903225806,32.43225806451613,9.2,10.98709677419355,1013.783870967742,7,31,2025-07-01,147.1000000000001,0.7608945121760808
2025,8,27.967741935483872,22.661290322580644,33.82258064516129,12.8,9.40967741935484,1013.0258064516128,5,31,2025-08-01,96.50000000000011,1.1988810735371054
2025,9,28.136666666666667,23.55666666666667,33.9,31.2,9.496666666666666,1012.6466666666668,9,30,2025-09-01,53.20000000000012,0.470923007072906
2025,10,27.741935483870968,23.032258064516128,33.774193548387096,106.8,6.974193548387096,1011.3419354838708,22,31,2025-10-01,150.80000000000013,0.5132657105382703
2025,11,26.86,22.72,32.03333333333333,265.7,6.86,1010.85,25,30,2025-11-01,403.7000000000001,0.9597953673262599
2025,12,26.858064516129037,22.59354838709677,31.90322580645161,388.9,6.296774193548386,1010.5032258064516,28,31,2025-12-01,761.4000000000001,1.5115452124941648
2026,1,26.41935483870968,22.66774193548387,31.225806451612904,339.1,6.593548387096774,1011.0645161290324,28,31,2026-01-01,993.7000000000002,2.0190141713233727
2026,2,26.723214285714285,22.582142857142856,31.696428571428573,138.9,5.4375,1011.4321428571428,20,28,2026-02-01,866.9000000000001,2.0596366616058925
2026,3,26.81290322580645,22.887096774193548,31.580645161290324,395.9,6.238709677419355,1010.4870967741934,28,31,2026-03-01,873.9000000000001,2.3421580676479063
2026,4,26.456666666666667,22.68,31.346666666666668,421.2,3.5933333333333333,1011.0433333333332,23,30,2026-04-01,956.0,2.317013465681584
2026,5,27.55806451612903,23.76774193548387,32.55806451612903,53.1,5.651612903225806,1011.5935483870968,19,31,2026-05-01,870.2,2.140247641193699
